Plano (ddmmaaaa.hh.mm.ss).plano,Tempo,No.,% ,Desc. Material,Código Chapa,Comp. Chapa,Larg. Chapa,Qtd. Chapa,Código Peça,Descrição,Comp. Peça, Largura Peça, Quant. Peça, Ordem, Data ordem
20052022.091620.1,,1,93.53, AGLOM 12MM (2750x1850),2011000012021,2750,1850,30, 242007005Z11, DIVISORIA AEREO,541,253,450,1108520,20/05/22
20052022.091620.1,,1,93.53, AGLOM 12MM (2750x1850),2011000012021,2750,1850,30, 242007005Z34,TAMPO SUP COLUN,616,503,240,1110058,20/05/22
20052022.091620.1,,1,93.53, AGLOM 12MM (2750x1850),2011000012021,2750,1850,30, 242007005Z15,LATERAL DIR AER,448,253,60,1110058,20/05/22
20052022.091620.2,,2,94.19,AGLOM 12MM (2750x1850),2011000012021,2750,1850,10, 242007005Z11, DIVISORIA AEREO,541,253,50,1108520,20/05/22
20052022.091620.2,,2,94.19,AGLOM 12MM (2750x1850),2011000012021,2750,1850,10,242007005Z18, LATERAL ESQ AER,553,507,50,1110058,20/05/22
20052022.091620.2,,2,94.19,AGLOM 12MM (2750x1850),2011000012021,2750,1850,10, 242007005Z34,TAMPO SUP COLUN ,616,503,10,1110058,20/05/22
20052022.091620.2,,2,94.19,AGLOM 12MM (2750x1850),2011000012021,2750,1850,10, 242007005Z32,TAMPO INTERM CO ,616,503,70,1110058,20/05/22
20052022.091620.2,,2,94.19,AGLOM 12MM (2750x1850),2011000012021,2750,1850,10,242007005Z15,LATERAL DIR AER ,448,253,20,1110058,20/05/22
